tipo,data_grupo,datetime,valor,movement_id,titulo,kind
Rendimentos,17 de novembro de 2025,2025-11-17T05:09:20.000Z,0.17,B31WB65M6B7VXXBXJ,Rendimentos,investment
Rendimentos,11 de dezembro de 2025,2025-12-11T04:41:41.000Z,0.55,B3200Z0EE8NKCN1WJ,Rendimentos,investment
Rendimentos,10 de dezembro de 2025,2025-12-10T04:51:41.000Z,0.55,B31ZW2Y8RVJ9JBWVF,Rendimentos,investment
Rendimentos,9 de dezembro de 2025,2025-12-09T04:50:07.000Z,1.1,B31ZQ5KN6VJK945ZY,Rendimentos,investment
Rendimentos,8 de dezembro de 2025,2025-12-08T08:34:01.000Z,0.54,B31ZK0WFX3CREKMFE,Rendimentos,investment
Rendimentos,5 de dezembro de 2025,2025-12-05T08:37:02.000Z,0.55,B31Z49QJK7RX4311B,Rendimentos,investment
Rendimentos,4 de dezembro de 2025,2025-12-04T08:32:44.000Z,0.66,B31YZC3F9PZAN7E47,Rendimentos,investment
Rendimentos,3 de dezembro de 2025,2025-12-03T04:42:43.000Z,0.54,B31YSNVAK4P4ZTQBY,Rendimentos,investment
Rendimentos,2 de dezembro de 2025,2025-12-02T04:48:03.000Z,0.54,B31YMS97BKMBRZX13,Rendimentos,investment
Rendimentos,1 de dezembro de 2025,2025-12-01T05:25:20.000Z,0.62,B31YG05HEVCP9XJRR,Rendimentos,investment
Rendimentos,28 de novembro de 2025,2025-11-28T04:45:30.000Z,0.54,B31Y14BCH2YWKYSAT,Rendimentos,investment
Rendimentos,27 de novembro de 2025,2025-11-27T04:41:54.000Z,0.54,B31XW6T6REQZJ79V1,Rendimentos,investment
Rendimentos,26 de novembro de 2025,2025-11-26T09:05:16.000Z,0.24,B31XR6BX420PAMT9B,Rendimentos,investment
Rendimentos,25 de novembro de 2025,2025-11-25T04:43:07.000Z,0.18,B31XJCK85RG7BET4S,Rendimentos,investment
Rendimentos,24 de novembro de 2025,2025-11-24T04:58:51.000Z,0.32,B31XDH52C86B7X2WA,Rendimentos,investment
Rendimentos,21 de novembro de 2025,2025-11-21T04:56:05.000Z,0.17,B32B4R019C2MX3MKQ,Rendimentos,investment
Rendimentos,19 de novembro de 2025,2025-11-19T05:10:07.000Z,0.17,B31WN0JMRT2DF59BB,Rendimentos,investment
Rendimentos,18 de novembro de 2025,2025-11-18T04:30:54.000Z,0.17,B31WFZ5J6D9ZTA6MZ,Rendimentos,investment
Rendimentos,9 de janeiro,2026-01-09T04:55:54.000Z,0.7,B324FE78F0X6G2KT8,Rendimentos,investment
Rendimentos,8 de janeiro,2026-01-08T04:51:45.000Z,0.69,B324AGKPA3VVFVMXE,Rendimentos,investment
Rendimentos,7 de janeiro,2026-01-07T04:54:26.000Z,0.69,B3245KQTHV884F783,Rendimentos,investment
Rendimentos,6 de janeiro,2026-01-06T04:37:29.000Z,0.5,B3240MQFRJP4VRSJ5,Rendimentos,investment
Rendimentos,5 de janeiro,2026-01-05T05:02:24.000Z,0.5,B323VT9D1Q1VYPGPW,Rendimentos,investment
Rendimentos,2 de janeiro,2026-01-02T14:21:46.000Z,0.5,B323EZVJJ7QR6NHP2,Rendimentos,investment
Rendimentos,31 de dezembro de 2025,2025-12-31T04:32:42.000Z,0.55,B323357X0Q4A4P5B4,Rendimentos,investment
Rendimentos,30 de dezembro de 2025,2025-12-30T04:59:49.000Z,0.55,B322YB1E0CFGD67FD,Rendimentos,investment
Rendimentos,29 de dezembro de 2025,2025-12-29T04:53:59.000Z,0.55,B322SD80BZ9PM8M5S,Rendimentos,investment
Rendimentos,26 de dezembro de 2025,2025-12-26T05:15:27.000Z,0.55,B322AR3HC0AYZYDKQ,Rendimentos,investment
Rendimentos,24 de dezembro de 2025,2025-12-24T04:30:11.000Z,0.55,B3220RV4WP2F3ZRCJ,Rendimentos,investment
Rendimentos,23 de dezembro de 2025,2025-12-23T04:28:39.000Z,0.55,B321VVGNH846JF0TY,Rendimentos,investment
Rendimentos,22 de dezembro de 2025,2025-12-22T05:16:04.000Z,0.55,B321Q3H3KZY5SSWH3,Rendimentos,investment
Rendimentos,19 de dezembro de 2025,2025-12-19T04:32:35.000Z,0.55,B321879V08W5CXSFY,Rendimentos,investment
Rendimentos,18 de dezembro de 2025,2025-12-18T05:04:29.000Z,0.55,B3213DM55DCC85BJ8,Rendimentos,investment
Rendimentos,17 de dezembro de 2025,2025-12-17T04:41:41.000Z,0.55,B320YDZBP5KB81GVC,Rendimentos,investment
Rendimentos,16 de dezembro de 2025,2025-12-16T04:55:40.000Z,0.55,B320SJAZS7RKS2N0T,Rendimentos,investment
Rendimentos,15 de dezembro de 2025,2025-12-15T05:12:54.000Z,0.53,B320MQ223QSGSEHN1,Rendimentos,investment
Rendimentos,12 de dezembro de 2025,2025-12-12T04:50:04.000Z,0.55,B3205X2XFG93NWVQ9,Rendimentos,investment
Rendimentos,5 de fevereiro,2026-02-05T04:44:07.000Z,0.76,B328M08XXD8CAYY4M,Rendimentos,investment
Rendimentos,4 de fevereiro,2026-02-04T04:51:51.000Z,0.76,B328F3YWRPEQQWDYQ,Rendimentos,investment
Rendimentos,3 de fevereiro,2026-02-03T04:57:15.000Z,0.76,B328A7CJRQHH59D88,Rendimentos,investment
Rendimentos,2 de fevereiro,2026-02-02T05:50:42.000Z,0.73,B32G7N78YAN38ZH7Y,Rendimentos,investment
Rendimentos,30 de janeiro,2026-01-30T05:11:47.000Z,0.76,B327PMAR16C95Z3NS,Rendimentos,investment
Rendimentos,29 de janeiro,2026-01-29T04:59:42.000Z,0.76,B327HNVC17XR7KDGT,Rendimentos,investment
Rendimentos,28 de janeiro,2026-01-28T05:01:56.000Z,0.76,B327CRY32F5XHA0BQ,Rendimentos,investment
Rendimentos,27 de janeiro,2026-01-27T04:58:25.000Z,0.76,B3277VCJVTCRF9EEQ,Rendimentos,investment
Rendimentos,26 de janeiro,2026-01-26T05:19:53.000Z,0.75,B32730M35162R8NNJ,Rendimentos,investment
Rendimentos,23 de janeiro,2026-01-23T04:35:10.000Z,0.76,B326M46YNWSFHMYF6,Rendimentos,investment
Rendimentos,22 de janeiro,2026-01-22T04:40:24.000Z,0.75,B326F7KX7Z2BKQS7S,Rendimentos,investment
Rendimentos,21 de janeiro,2026-01-21T05:03:07.000Z,0.75,B326ACY8WTS880SBH,Rendimentos,investment
Rendimentos,20 de janeiro,2026-01-20T07:57:21.000Z,0.75,B32662SG7XFVQ37BD,Rendimentos,investment
Rendimentos,19 de janeiro,2026-01-19T05:16:46.000Z,0.7,B3260M3H4B172GHA6,Rendimentos,investment
Rendimentos,16 de janeiro,2026-01-16T04:38:00.000Z,0.7,B325HRCR9PPPG7J8C,Rendimentos,investment
Rendimentos,15 de janeiro,2026-01-15T04:57:50.000Z,0.7,B325CXCWEFS31Q0AG,Rendimentos,investment
Rendimentos,14 de janeiro,2026-01-14T04:52:19.000Z,0.7,B3257ZMF2XTJHXSKZ,Rendimentos,investment
Rendimentos,13 de janeiro,2026-01-13T04:54:19.000Z,0.69,B32532RX24H0HB35T,Rendimentos,investment
Rendimentos,12 de janeiro,2026-01-12T05:13:32.000Z,0.7,B324Y7M8VK833R1DX,Rendimentos,investment
Rendimentos,27 de fevereiro,2026-02-27T05:08:42.000Z,0.94,B32C04FWRGQ86K0Q2,Rendimentos,investment
Rendimentos,26 de fevereiro,2026-02-26T04:27:20.000Z,0.94,B32BV2TAQE85E8K1F,Rendimentos,investment
Rendimentos,25 de fevereiro,2026-02-25T04:52:31.000Z,0.94,B32BP8D0CQYM8RP4P,Rendimentos,investment
Rendimentos,24 de fevereiro,2026-02-24T04:24:43.000Z,0.94,B32BH889FW1YJ9KE1,Rendimentos,investment
Rendimentos,23 de fevereiro,2026-02-23T05:05:48.000Z,0.93,B32BCFH87HH4V634H,Rendimentos,investment
Rendimentos,20 de fevereiro,2026-02-20T04:28:59.000Z,0.94,B32AXM19VVPX346N3,Rendimentos,investment
Rendimentos,19 de fevereiro,2026-02-19T05:16:40.000Z,0.94,B32ARW2JXSEKE2WVC,Rendimentos,investment
Rendimentos,18 de fevereiro,2026-02-18T05:55:24.000Z,0.91,B32AM34Q699Y1WC7D,Rendimentos,investment
Rendimentos,13 de fevereiro,2026-02-13T04:48:23.000Z,0.93,B329VA0Z1VQFM060V,Rendimentos,investment
Rendimentos,12 de fevereiro,2026-02-12T04:28:34.000Z,0.92,B329PAPM01XZ427Y6,Rendimentos,investment
Rendimentos,11 de fevereiro,2026-02-11T04:43:32.000Z,0.91,B329HF7BEW9X74AER,Rendimentos,investment
Rendimentos,10 de fevereiro,2026-02-10T04:32:10.000Z,0.9,B329CGSMAY322WW11,Rendimentos,investment
Rendimentos,9 de fevereiro,2026-02-09T05:09:35.000Z,0.91,B3297QPEA99A6NV83,Rendimentos,investment
Rendimentos,6 de fevereiro,2026-02-06T04:59:04.000Z,0.93,B328RZ2947YHDWQ87,Rendimentos,investment
Rendimentos,25 de março,2026-03-25T04:41:34.000Z,1.05,B32FZQPTZ28S2S84C,Rendimentos,investment
Rendimentos,24 de março,2026-03-24T05:26:12.000Z,1.05,B32FTZDK3FVDWYS97,Rendimentos,investment
Rendimentos,23 de março,2026-03-23T04:59:28.000Z,1.05,B32FNZB1P590RVD92,Rendimentos,investment
Rendimentos,20 de março,2026-03-20T04:53:33.000Z,1.04,B32F7770W96W0FSBA,Rendimentos,investment
Rendimentos,19 de março,2026-03-19T04:52:46.000Z,1.06,B32F29Z3T84422SHV,Rendimentos,investment
Rendimentos,18 de março,2026-03-18T05:01:51.000Z,1.05,B32EXDSMZRDRY3GQ4,Rendimentos,investment
Rendimentos,17 de março,2026-03-17T05:07:29.000Z,1.06,B32ERH87DP0893PS8,Rendimentos,investment
Rendimentos,16 de março,2026-03-16T05:37:54.000Z,1.05,B32EKQDA5B9QB6CKG,Rendimentos,investment
Rendimentos,13 de março,2026-03-13T04:34:50.000Z,1.06,B32E4S1MK73MMR8JK,Rendimentos,investment
Rendimentos,12 de março,2026-03-12T04:51:19.000Z,1.06,B32DZXP2F2JXE0WT4,Rendimentos,investment
Rendimentos,11 de março,2026-03-11T04:44:15.000Z,1.05,B32DTZR7BZKS4A16A,Rendimentos,investment
Rendimentos,10 de março,2026-03-10T07:33:32.000Z,1.06,B32DPN29D2ZK269GN,Rendimentos,investment
Rendimentos,9 de março,2026-03-09T05:13:09.000Z,1.04,B32DH8JW4RRYC7EM6,Rendimentos,investment
Rendimentos,6 de março,2026-03-06T04:33:12.000Z,1.04,B32D2CQYA2KHN8HQP,Rendimentos,investment
Rendimentos,5 de março,2026-03-05T05:02:12.000Z,0.94,B32CXJR1V4QH5CEKF,Rendimentos,investment
Rendimentos,4 de março,2026-03-04T04:55:42.000Z,0.94,B32CRMW72TES87GCX,Rendimentos,investment
Rendimentos,3 de março,2026-03-03T04:46:50.000Z,0.94,B32CKPR4HAVETGSBE,Rendimentos,investment
Rendimentos,2 de março,2026-03-02T05:20:27.000Z,0.94,B32CEX9C9V0ZBNVD8,Rendimentos,investment
Rendimentos,22 de abril,2026-04-22T04:49:36.000Z,2.42,B32M992X6R50MA696,Rendimentos,investment
Rendimentos,20 de abril,2026-04-20T05:37:13.000Z,1.25,B32KZKYXN8YX01BME,Rendimentos,investment
Rendimentos,17 de abril,2026-04-17T05:41:37.000Z,1.25,B32KGWYTFKG9347EE,Rendimentos,investment
Rendimentos,16 de abril,2026-04-16T04:33:23.000Z,1.25,B32KBRBCPCCG5N0E7,Rendimentos,investment
Rendimentos,15 de abril,2026-04-15T04:51:43.000Z,1.25,B32K6X67A1M4KGVKM,Rendimentos,investment
Rendimentos,14 de abril,2026-04-14T06:29:09.000Z,1.25,B32K2ANBZPK4BB8Y7,Rendimentos,investment
Rendimentos,13 de abril,2026-04-13T04:53:48.000Z,1.25,B32JX33A4B6K9EEWQ,Rendimentos,investment
Rendimentos,10 de abril,2026-04-10T04:47:56.000Z,1.25,B32JEAZCAKWHHT0S8,Rendimentos,investment
Rendimentos,9 de abril,2026-04-09T05:47:35.000Z,1.25,B32J9MAG7H4W710DR,Rendimentos,investment
Rendimentos,8 de abril,2026-04-08T06:39:56.000Z,1.24,B32J4WW83DHPT5YPD,Rendimentos,investment
Rendimentos,7 de abril,2026-04-07T06:37:28.000Z,1.25,B32HZZEG1647929Y3,Rendimentos,investment
Rendimentos,6 de abril,2026-04-06T05:46:52.000Z,1.12,B32HTWRKVATVKB88E,Rendimentos,investment
Rendimentos,2 de abril,2026-04-02T05:08:44.000Z,1.12,B32H73YWMXRF8BQ4Q,Rendimentos,investment
Rendimentos,1 de abril,2026-04-01T06:32:49.000Z,1.12,B32H2FZDSMYH1RMD4,Rendimentos,investment
Rendimentos,31 de março,2026-03-31T04:59:49.000Z,1.13,B32GX8NCKJV8PH523,Rendimentos,investment
Rendimentos,30 de março,2026-03-30T05:59:38.000Z,1.12,B32GRJ16AZWGH3SCZ,Rendimentos,investment
Rendimentos,27 de março,2026-03-27T05:23:07.000Z,1.07,B32G9PJ6QJ6NDT2HV,Rendimentos,investment
Rendimentos,26 de março,2026-03-26T04:32:38.000Z,1.07,B32G4KWQ0R2WP34CB,Rendimentos,investment
Rendimentos,20 de maio,2026-05-20T04:48:32.000Z,1.37,B32RJSF202G95Z640,Rendimentos,investment
Rendimentos,19 de maio,2026-05-19T05:47:51.000Z,1.37,B32RE2S4C2G7TKTS1,Rendimentos,investment
Rendimentos,18 de maio,2026-05-18T05:23:51.000Z,1.37,B32R9305X4SMCQPN0,Rendimentos,investment
Rendimentos,15 de maio,2026-05-15T05:07:25.000Z,1.37,B32QT9QC4D23R65P3,Rendimentos,investment
Rendimentos,14 de maio,2026-05-14T04:59:25.000Z,1.37,B32QNBP8BJH5DTWEH,Rendimentos,investment
Rendimentos,13 de maio,2026-05-13T08:22:04.000Z,1.37,B32QH4MV9A9SPSETQ,Rendimentos,investment
Rendimentos,12 de maio,2026-05-12T07:29:18.000Z,1.37,B32QC1QD47VDC81EG,Rendimentos,investment
Rendimentos,11 de maio,2026-05-11T05:40:05.000Z,1.37,B32Q6RMYXPP5X75CK,Rendimentos,investment
Rendimentos,8 de maio,2026-05-08T04:53:05.000Z,1.39,B32PQW19H1NYTKFR2,Rendimentos,investment
Rendimentos,7 de maio,2026-05-07T04:38:06.000Z,1.36,B32PJX7VKQFVX09HS,Rendimentos,investment
Rendimentos,6 de maio,2026-05-06T06:20:40.000Z,1.36,B32PEB8X4V3VJQFCK,Rendimentos,investment
Rendimentos,5 de maio,2026-05-05T06:08:54.000Z,1.24,B32P9CTN5NC2BHY0X,Rendimentos,investment
Rendimentos,4 de maio,2026-05-04T05:22:25.000Z,1.25,B32P4AK6KWKKTAZK7,Rendimentos,investment
Rendimentos,30 de abril,2026-04-30T06:19:39.000Z,1.27,B32NGW6G8WEXV6AV9,Rendimentos,investment
Rendimentos,29 de abril,2026-04-29T05:00:07.000Z,1.27,B32NBPBKFNKBB0AAE,Rendimentos,investment
Rendimentos,28 de abril,2026-04-28T06:49:45.000Z,1.26,B32N755ADQ8XQJWXV,Rendimentos,investment
Rendimentos,27 de abril,2026-04-27T05:23:51.000Z,1.25,B32N1YM63GBYWW6CQ,Rendimentos,investment
Rendimentos,24 de abril,2026-04-24T04:37:36.000Z,1.26,B32MK23761Y6V60TT,Rendimentos,investment
Rendimentos,23 de abril,2026-04-23T05:49:47.000Z,1.27,B32MECT75Q7CXKVQ0,Rendimentos,investment
Rendimentos,16 de junho,2026-06-16T04:57:37.000Z,1.45,B32WQDSR1XVG0EMFH,Rendimentos,investment
Rendimentos,15 de junho,2026-06-15T05:00:13.000Z,1.57,B32WJGXJNRPT6KWWT,Rendimentos,investment
Rendimentos,12 de junho,2026-06-12T04:36:32.000Z,1.42,B32W3PVG7D5X9CN0Q,Rendimentos,investment
Rendimentos,11 de junho,2026-06-11T04:37:51.000Z,1.49,B32VYSTXKHYX96T9W,Rendimentos,investment
Rendimentos,10 de junho,2026-06-10T04:41:06.000Z,1.45,B32VSX12ZN1WXRVYK,Rendimentos,investment
Rendimentos,9 de junho,2026-06-09T06:14:17.000Z,1.45,B32VNA1FG9AMB2GZT,Rendimentos,investment
Rendimentos,8 de junho,2026-06-08T05:08:18.000Z,3.45,B32VG5NTVG527PNSP,Rendimentos,investment
Rendimentos,5 de junho,2026-06-05T04:49:36.000Z,1.39,B32V1C53H8Q78XPBS,Rendimentos,investment
Rendimentos,3 de junho,2026-06-03T04:46:07.000Z,1.39,B32TQHENS39ZRPC1B,Rendimentos,investment
Rendimentos,2 de junho,2026-06-02T06:44:33.000Z,1.83,B32TK1767HRAETQK8,Rendimentos,investment
Rendimentos,1 de junho,2026-06-01T04:53:08.000Z,1.39,B32TDQWXESWDY8B07,Rendimentos,investment
Rendimentos,29 de maio,2026-05-29T04:48:16.000Z,1.74,B32SYZWEKTWA9D87K,Rendimentos,investment
Rendimentos,28 de maio,2026-05-28T04:38:46.000Z,1.39,B32ST1P49HRE6W6DW,Rendimentos,investment
Rendimentos,27 de maio,2026-05-27T04:47:16.000Z,1.38,B32SN5ENBRKS2J75Z,Rendimentos,investment
Rendimentos,26 de maio,2026-05-26T05:05:02.000Z,1.7,B32SGA7JCMQ6TCSWE,Rendimentos,investment
Rendimentos,25 de maio,2026-05-25T04:53:24.000Z,3.05,B32SBBSSR009FHHHV,Rendimentos,investment
Rendimentos,22 de maio,2026-05-22T04:49:18.000Z,1.37,B32RWKW353H45KTDH,Rendimentos,investment
Rendimentos,21 de maio,2026-05-21T04:29:35.000Z,1.37,B32RQMJ2TKSG8V51Q,Rendimentos,investment
Rendimentos,9 de julho,2026-07-09T04:41:50.000Z,1.77,B3308ARR3X9N0B8BH,Rendimentos,investment
Rendimentos,8 de julho,2026-07-08T04:40:28.000Z,1.77,B3303DEVYP29WDH8W,Rendimentos,investment
Rendimentos,7 de julho,2026-07-07T05:04:02.000Z,1.72,B32ZYJW1H2P41VNKF,Rendimentos,investment
Rendimentos,6 de julho,2026-07-06T04:59:00.000Z,1.79,B32ZSN59ZQN25P13V,Rendimentos,investment
Rendimentos,3 de julho,2026-07-03T04:45:30.000Z,1.57,B32ZAW6R2E4W0KDH8,Rendimentos,investment
Rendimentos,2 de julho,2026-07-02T04:42:24.000Z,1.57,B32Z5YPSD1H8RB1Y6,Rendimentos,investment
Rendimentos,1 de julho,2026-07-01T04:49:23.000Z,1.57,B32Z12A1YGZYDA4CG,Rendimentos,investment
Rendimentos,30 de junho,2026-06-30T05:57:35.000Z,1.57,B32YWCK3S1TEWFJZ9,Rendimentos,investment
Rendimentos,29 de junho,2026-06-29T04:53:22.000Z,1.55,B32YQ8DQVMDHSHTA6,Rendimentos,investment
Rendimentos,26 de junho,2026-06-26T05:18:34.000Z,1.57,B32Y8KPANK8YQSXAG,Rendimentos,investment
Rendimentos,25 de junho,2026-06-25T04:33:26.000Z,1.56,B32Y3HKGVRKGR2ZJT,Rendimentos,investment
Rendimentos,24 de junho,2026-06-24T04:36:03.000Z,1.57,B32XYMQHHR4G9VRYW,Rendimentos,investment
Rendimentos,23 de junho,2026-06-23T05:09:58.000Z,1.56,B32XSV8TSYBDEQSNB,Rendimentos,investment
Rendimentos,22 de junho,2026-06-22T05:02:26.000Z,1.55,B32XMX9CTGMT2K9ZQ,Rendimentos,investment
Rendimentos,19 de junho,2026-06-19T05:07:25.000Z,1.43,B32X66BBD3PTGQEBX,Rendimentos,investment
Rendimentos,18 de junho,2026-06-18T04:43:14.000Z,1.49,B32X16PG2KW1CGXQJ,Rendimentos,investment
Rendimentos,17 de junho,2026-06-17T04:43:43.000Z,1.45,B32WW9E70ZDB8XJP9,Rendimentos,investment
Rendimentos,27 de julho,2026-07-27T05:07:43.000Z,2.63,B3330TFS9KKRKKM4N,Rendimentos,investment
Rendimentos,24 de julho,2026-07-24T04:39:34.000Z,2.61,B332HZY0A7V8T4FX6,Rendimentos,investment
Rendimentos,23 de julho,2026-07-23T04:35:29.000Z,2.62,B332D2AKMYSRBNDAM,Rendimentos,investment
Rendimentos,22 de julho,2026-07-22T04:38:29.000Z,2.61,B33285FYRG9FW3VXM,Rendimentos,investment
Rendimentos,21 de julho,2026-07-21T06:24:00.000Z,2.62,B3323KV998RBFAHSK,Rendimentos,investment
Rendimentos,20 de julho,2026-07-20T05:56:46.000Z,2.75,B331YKQ3N58EN19BN,Rendimentos,investment
Rendimentos,17 de julho,2026-07-17T04:44:57.000Z,2.55,B331FMCW4BDQS4Q45,Rendimentos,investment
Rendimentos,16 de julho,2026-07-16T04:34:35.000Z,2.55,B331AP3G967FDW58M,Rendimentos,investment
Rendimentos,15 de julho,2026-07-15T04:39:39.000Z,1.81,B3315SG19RZN1BZZ7,Rendimentos,investment
Rendimentos,14 de julho,2026-07-14T06:12:21.000Z,1.82,B33116EMJ3RKQPB9P,Rendimentos,investment
Rendimentos,13 de julho,2026-07-13T05:12:58.000Z,1.84,B330W2T3AAM1YGQJ2,Rendimentos,investment
Rendimentos,10 de julho,2026-07-10T04:32:43.000Z,1.77,B330D6Y4AX7970TEV,Rendimentos,investment
Rendimentos,14 de agosto,2026-08-14T04:38:06.000Z,2.71,B335S44X228VEHVF4,Rendimentos,investment
Rendimentos,13 de agosto,2026-08-13T06:19:56.000Z,2.7,B335MJ3BYBAVFFKRH,Rendimentos,investment
Rendimentos,12 de agosto,2026-08-12T04:29:50.000Z,2.7,B335F8XKY2Q1AKWWT,Rendimentos,investment
Rendimentos,11 de agosto,2026-08-11T07:21:16.000Z,2.71,B335AYF9F54QK22RY,Rendimentos,investment
Rendimentos,10 de agosto,2026-08-10T05:03:05.000Z,2.67,B3355J7JEHB01CWVE,Rendimentos,investment
Rendimentos,7 de agosto,2026-08-07T05:34:50.000Z,2.67,B334PY6ZF7KGCAS5J,Rendimentos,investment
Rendimentos,6 de agosto,2026-08-06T04:41:21.000Z,2.95,B334HV73EYVM5JRF1,Rendimentos,investment
Rendimentos,5 de agosto,2026-08-05T04:42:45.000Z,2.71,B334CY6VW6XDS26P9,Rendimentos,investment
Rendimentos,4 de agosto,2026-08-04T05:12:23.000Z,2.71,B3348495H50MTB8ZR,Rendimentos,investment
Rendimentos,3 de agosto,2026-08-03T05:01:27.000Z,2.96,B33435XWE2Y923AMA,Rendimentos,investment
Rendimentos,31 de julho,2026-07-31T04:37:43.000Z,2.66,B333MBVGR306W23NN,Rendimentos,investment
Rendimentos,30 de julho,2026-07-30T04:36:55.000Z,2.65,B333FEKKXWPZGX8MS,Rendimentos,investment
Rendimentos,29 de julho,2026-07-29T04:39:56.000Z,2.66,B333AHS23WJYY2BFP,Rendimentos,investment
Rendimentos,28 de julho,2026-07-28T04:47:39.000Z,2.66,B3335NESAN8AYN36C,Rendimentos,investment
Rendimentos,11 de setembro,2026-09-11T04:40:48.000Z,2.77,B33A2MY749A9S7WGG,Rendimentos,investment
Rendimentos,10 de setembro,2026-09-10T04:21:45.000Z,2.81,B339XNPM4Z3YX7DSZ,Rendimentos,investment
Rendimentos,9 de setembro,2026-09-09T05:19:50.000Z,2.79,B339RYWAM6225AFM6,Rendimentos,investment
Rendimentos,8 de setembro,2026-09-08T05:14:37.000Z,2.77,B339M14XQH9VQVMAN,Rendimentos,investment
Rendimentos,4 de setembro,2026-09-04T04:34:31.000Z,2.76,B339084C2TGXE044V,Rendimentos,investment
Rendimentos,3 de setembro,2026-09-03T04:35:44.000Z,2.87,B338VB3DTB4Z1R2PA,Rendimentos,investment
Rendimentos,2 de setembro,2026-09-02T04:41:20.000Z,2.8,B338PEHX5001DXMF4,Rendimentos,investment
Rendimentos,1 de setembro,2026-09-01T04:28:28.000Z,2.77,B338HFZS1X75S9XEX,Rendimentos,investment
Rendimentos,31 de agosto,2026-08-31T04:53:30.000Z,2.76,B338CNWCH2492DVVM,Rendimentos,investment
Rendimentos,28 de agosto,2026-08-28T04:32:52.000Z,2.77,B337XVTKMGVHRAT00,Rendimentos,investment
Rendimentos,27 de agosto,2026-08-27T04:26:30.000Z,2.89,B337RXZ6BG4N3712P,Rendimentos,investment
Rendimentos,26 de agosto,2026-08-26T04:36:49.000Z,2.73,B337M1Y2CSWQRZ9FC,Rendimentos,investment
Rendimentos,25 de agosto,2026-08-25T05:18:04.000Z,2.76,B337F992TDN980THA,Rendimentos,investment
Rendimentos,24 de agosto,2026-08-24T05:38:01.000Z,2.82,B337AE9HY5A7D20HM,Rendimentos,investment
Rendimentos,21 de agosto,2026-08-21T04:28:35.000Z,2.75,B336VF7KD8W5RA38Z,Rendimentos,investment
Rendimentos,20 de agosto,2026-08-20T04:35:54.000Z,2.74,B336PJW20E2XS3Q2W,Rendimentos,investment
Rendimentos,19 de agosto,2026-08-19T05:05:13.000Z,2.75,B336HRX8S553PG5V6,Rendimentos,investment
Rendimentos,18 de agosto,2026-08-18T05:00:21.000Z,2.96,B336CV745CV5KWXJS,Rendimentos,investment
Rendimentos,17 de agosto,2026-08-17T04:50:31.000Z,2.72,B3367WZMVAYS4EDQ9,Rendimentos,investment
Dinheiro reservado,14 de novembro de 2025,2025-11-15T00:30:22.000Z,365.08,B31W0DFFFAXKP9K9M,Dinheiro reservado,saving
Dinheiro reservado,26 de novembro de 2025,2025-11-26T19:52:01.000Z,633.03,B31XTCYPZARNKJSFM,Dinheiro reservado,saving
Dinheiro reservado,25 de novembro de 2025,2025-11-25T21:04:41.000Z,70,B31XNQQCN4DVZHCMG,Dinheiro reservado,saving
Dinheiro reservado,25 de novembro de 2025,2025-11-25T14:39:55.000Z,49.87,B31XMDQFP3P1D2AB4,Dinheiro reservado,saving
Dinheiro reservado,6 de janeiro,2026-01-06T15:31:07.000Z,450,B3242W2QMH82WWK1A,Dinheiro reservado,saving
Dinheiro reservado,5 de fevereiro,2026-02-05T22:58:12.000Z,281.36,B328QQPB8DY7V8SGR,Dinheiro reservado,saving
Dinheiro reservado,17 de fevereiro,2026-02-17T13:34:52.000Z,0.71,B32AGR47NPDMTEDPQ,Dinheiro reservado,saving
Dinheiro reservado,17 de fevereiro,2026-02-17T13:32:43.000Z,35.9,B32AGQWTE2RGG5K3V,Dinheiro reservado,saving
Dinheiro reservado,11 de fevereiro,2026-02-11T20:53:19.000Z,30,B329MS0MGH4C2PQ77,Dinheiro reservado,saving
Dinheiro reservado,5 de fevereiro,2026-02-05T23:22:41.000Z,45,B328QTBFWDRTBFEST,Dinheiro reservado,saving
Dinheiro reservado,5 de fevereiro,2026-02-05T22:59:20.000Z,2.11,B328QQT1M13RM6ZXA,Dinheiro reservado,saving
Dinheiro reservado,25 de março,2026-03-25T17:23:53.000Z,50,B32G2AX4WJ3F8WF8P,Dinheiro reservado,fund_allocation
Dinheiro reservado,5 de março,2026-03-05T22:51:06.000Z,248.06,B32D17DCD3XPZQBZG,Dinheiro reservado,saving
Dinheiro reservado,6 de abril,2026-04-06T19:39:53.000Z,260,B32HXQNTFGERV99EF,Dinheiro reservado,fund_allocation
Dinheiro reservado,27 de março,2026-03-27T13:08:12.000Z,125,B32GB9AGEGEZ7QJHN,Dinheiro reservado,fund_allocation
Dinheiro reservado,5 de maio,2026-05-05T17:55:54.000Z,259.44,B32PBSZVDPPRPQ0VA,Dinheiro reservado,fund_allocation
Dinheiro reservado,7 de junho,2026-06-07T19:22:28.000Z,100,B32VE5QW9QDV5JVJX,Dinheiro reservado,fund_allocation
Dinheiro reservado,7 de junho,2026-06-07T19:06:16.000Z,5.68,B32VE3Z9A187VEF3S,Dinheiro reservado,fund_allocation
Dinheiro reservado,6 de julho,2026-07-06T21:19:44.000Z,471.61,B32ZX06FVBR7SB3X5,Dinheiro reservado,fund_allocation
Dinheiro reservado,20 de junho,2026-06-20T11:43:40.000Z,100,B32XCERD71DKMMWS4,Dinheiro reservado,fund_allocation
Dinheiro reservado,19 de junho,2026-06-19T18:33:34.000Z,190.8,B32X8YAS474WN5086,Dinheiro reservado,fund_allocation
Dinheiro reservado,25 de julho,2026-07-26T00:12:31.000Z,157.67,B332TX5DZNA0WRRRQ,Dinheiro reservado,fund_allocation
Dinheiro reservado,24 de julho,2026-07-25T00:08:29.000Z,567.2,B332NZGCTWW8KD485,Dinheiro reservado,fund_allocation
Dinheiro reservado,20 de julho,2026-07-20T18:18:21.000Z,70,B33214Q8T5CBHAHZQ,Dinheiro reservado,fund_allocation
Dinheiro reservado,19 de julho,2026-07-19T10:23:51.000Z,69.8,B331TKS0AMRPAH5HK,Dinheiro reservado,fund_allocation
Dinheiro reservado,15 de julho,2026-07-15T09:14:56.000Z,1.621,B3316QHH6SHQCBW37,Dinheiro reservado,fund_allocation
Dinheiro reservado,15 de julho,2026-07-15T09:11:47.000Z,53.44,B3316Q6D48K1KPMQB,Dinheiro reservado,fund_allocation
Dinheiro reservado,11 de julho,2026-07-12T00:14:25.000Z,91.19,B330P52ADD1KZBYPB,Dinheiro reservado,fund_allocation
Dinheiro reservado,14 de agosto,2026-08-15T00:52:42.000Z,77.83,B335X8PV5A5P45R0R,Dinheiro reservado,fund_allocation
Dinheiro reservado,13 de agosto,2026-08-13T23:50:22.000Z,9.4,B335R4QYP76GK5633,Dinheiro reservado,fund_allocation
Dinheiro reservado,10 de agosto,2026-08-10T18:48:08.000Z,24.95,B3358CBB1X4ZM9V9J,Dinheiro reservado,fund_allocation
Dinheiro reservado,7 de agosto,2026-08-08T02:25:41.000Z,42.34,B334V6QJ669MY0S7V,Dinheiro reservado,fund_allocation
Dinheiro reservado,2 de agosto,2026-08-03T00:36:06.000Z,78.05,B33428Z56WZ2K8PDF,Dinheiro reservado,fund_allocation
Dinheiro reservado,1 de agosto,2026-08-02T00:09:04.000Z,29.4,B333X8VG5XPWAC26N,Dinheiro reservado,fund_allocation
Dinheiro reservado,10 de setembro,2026-09-10T16:27:22.000Z,91.4,B33A04WPVY5BM1BWY,Dinheiro reservado,fund_allocation
Outro,17 de fevereiro,2026-02-17T13:35:35.000Z,-0.58,B32AGR6SA1WZCJQP6,Dinheiro retirado,release
Outro,24 de julho,2026-07-25T00:14:42.000Z,-550,B332P063G25E255F7,Dinheiro retirado,fund_reallocation
